{
    "epoch": 3.0,
    "eval_loss": 0.07332411408424377,
    "eval_runtime": 35.8249,
    "eval_samples_per_second": 26.881,
    "eval_steps_per_second": 3.378,
    "total_flos": 9.247335010433434e+16,
    "train_loss": 0.08458727698920768,
    "train_runtime": 6992.2554,
    "train_samples_per_second": 7.846,
    "train_steps_per_second": 0.245
}