{
    "epoch": 3.0,
    "total_flos": 9.247335010433434e+16,
    "train_loss": 0.08458727698920768,
    "train_runtime": 6992.2554,
    "train_samples_per_second": 7.846,
    "train_steps_per_second": 0.245
}