{
    "epoch": 3.0,
    "total_flos": 2.966178055511163e+17,
    "train_loss": 2.7780185730358156,
    "train_runtime": 24118.3935,
    "train_samples_per_second": 7.289,
    "train_steps_per_second": 0.456
}