{
    "epoch": 3.0,
    "eval_loss": 0.07296612858772278,
    "eval_runtime": 43.1777,
    "eval_samples_per_second": 22.303,
    "eval_steps_per_second": 2.802,
    "total_flos": 9.254887060129382e+16,
    "train_loss": 0.08343932282674563,
    "train_runtime": 10125.1049,
    "train_samples_per_second": 5.418,
    "train_steps_per_second": 0.169
}