{
    "epoch": 3.0,
    "total_flos": 9.254887060129382e+16,
    "train_loss": 0.08343932282674563,
    "train_runtime": 10125.1049,
    "train_samples_per_second": 5.418,
    "train_steps_per_second": 0.169
}